Method,Average_MSE
bfill_impu,1828.0861389160157
ffill_impu,1145.1509292602539
knn_impu,857.2651145935058
mean_impu,840.2405876159668
median_impu,864.3902252197265
miracle_impu,31771.087548828124
mode_impu,1154.640234375
my_model,912.9301727294921
random_impu,945.5337417602539
saits_impu,2639.494857788086
tefn_impu,1459.1643363952637
timemixerpp_impu,2955.0120552258613
zero_impu,2976.8593475341795
